intent_name,training_phrases,responses
Greeting,hola||buenas||buenas tardes||hola ¬øqu√© tal?||buenos d√≠as||¬øhay alguien?||buenos||saludos||¬øme ayudas?,"¬°Hola! Soy el Asistente de SISARM. Soy tu ayudante para buscar partidas arancelarias, entender c√≥mo funciona el sistema y resolver tus dudas. ¬øEn qu√© puedo ayudarte hoy?"
System Function,cu√°l es la funci√≥n de este sistema||qu√© hace el sistema||para qu√© sirve SISARM||qu√© puede hacer este sistema||para qu√© es este programa||cu√°l es el prop√≥sito de SISARM||qu√© hace SISARM,"SISARM es un buscador inteligente de partidas arancelarias. Te ayuda a:
- Buscar c√≥digos de partidas arancelarias por descripci√≥n o c√≥digo
- Filtrar por cap√≠tulo, secci√≥n o requisitos aduanales
- Ver documentos requeridos para cada partida
- Gestionar tu licencia de usuario

Es una herramienta esencial para despachantes aduanales, operadores de comercio exterior y profesionales del sector log√≠stico."
Help Options,ayuda||qu√© puedes hacer||opciones||me puedes ayudar||qu√© funciones tiene el sistema||cu√°l es tu funci√≥n||c√≥mo funcionas,"Soy tu asistente personal. Puedo ayudarte con:

1Ô∏è‚É£ **Buscar Partidas** - Te gu√≠o en b√∫squedas por c√≥digo o descripci√≥n
2Ô∏è‚É£ **Ver Manuales** - Acceso a gu√≠as y tutoriales del sistema
3Ô∏è‚É£ **Mi Licencia** - Verificar estado y renovaci√≥n
4Ô∏è‚É£ **Contactar Soporte** - Conectarte con el equipo t√©cnico

¬øCu√°l de estos temas te interesa?"
How to Search,c√≥mo busco una partida||c√≥mo buscar por c√≥digo||c√≥mo buscar por descripci√≥n||quiero buscar una partida||b√∫squeda de partidas||explicame como buscar,"Para buscar una partida arancelaria:

1. Ve a **Buscar Partidas** en el men√∫ principal
2. Puedes buscar de dos formas:
   - **Por C√≥digo**: Ingresa el c√≥digo de partida (ej: 010121)
   - **Por Descripci√≥n**: Escribe qu√© es (ej: 'leche en polvo', 'carne de res')
3. Presiona Buscar o Enter
4. Usa los filtros a la izquierda para refinar resultados

¬øQuieres un ejemplo espec√≠fico?"
Code Search Example,010121||buscar 010121||partida 010121||buscar carne||buscar l√°cteos||b√∫squeda de productos,"Ejemplo de b√∫squeda:

**Para la partida 010121** (Carne de animales de la especie bovina):
1. Abre Buscar Partidas
2. En la barra de b√∫squeda escribe: 010121
3. Ver√°s el resultado con descripci√≥n completa
4. Haz clic para ver documentos requeridos y m√°s detalles

Tambi√©n puedes escribir 'carne de res' o 'bovino' y el sistema te mostrar√° opciones relacionadas."
Filters Explanation,c√≥mo uso los filtros||filtrar por cap√≠tulo||filtrar por gravamen||c√≥mo aplico filtros||para qu√© sirven los filtros||qu√© son los filtros,"Los **filtros** te permiten refinar b√∫squedas:

- **Cap√≠tulo**: Agrupa partidas por categor√≠a (ej: Animales vivos, Productos l√°cteos)
- **Gravamen**: Filtra por aranceles aduanales
- **Requisitos**: Muestra documentaci√≥n requerida

C√≥mo usar:
1. Realiza una b√∫squeda inicial
2. A la izquierda ver√°s los filtros disponibles
3. Haz clic en lo que te interese
4. Los resultados se actualizan autom√°ticamente

¬øNecesitas filtrar algo espec√≠fico?"
Documents Required,qu√© documentos necesito para esta partida||documentos requeridos||ver documentos||qu√© documentaci√≥n se necesita||documentos de partida,"Para ver los **documentos requeridos** de una partida:

1. Busca la partida que te interesa
2. Haz clic en el resultado para abrir detalles
3. En la secci√≥n **Documentaci√≥n Requerida** ver√°s:
   - Certificados sanitarios
   - Permisos especiales
   - Documentos aduanales
   - Certificaciones de origen

Si necesitas claridad sobre un documento espec√≠fico, puedes contactar al soporte."
License Status,mi licencia||cu√°nto dura mi licencia||mi licencia vence cu√°ndo||estado de mi licencia||ver licencia||informaci√≥n de licencia||cuenta premium||verificar licencia,"Para verificar tu **estado de licencia**:

1. Inicia sesi√≥n en tu cuenta
2. En el Panel de Inicio ver√°s:
   - Estado actual (Activa/Vencida)
   - Fecha de vencimiento
   - B√∫squedas restantes (si aplica)

Si tu licencia est√° pr√≥xima a vencer, recibir√°s notificaciones. ¬øNecesitas renovarla?"
How to Renew,c√≥mo renuevo mi licencia||renovar licencia||quiero renovar||extender licencia||reactivar licencia||licencia vencida,"Para **renovar tu licencia**:

1. Ve a **Soporte** en el men√∫
2. Abre el formulario de contacto
3. Indica que deseas renovar y proporciona:
   - Tu usuario
   - Correo de contacto
   - Tel√©fono (opcional)
4. Adjunta capturas si es necesario
5. El equipo responde en menos de 24 horas h√°biles

¬øQuiero abrir el formulario de Soporte ahora?"
Contact Support,contacto soporte||c√≥mo contacto soporte||soporte||necesito ayuda humana||quiero hablar con alguien||equipo t√©cnico||atenci√≥n al cliente,"Para **contactar al equipo de soporte**:

1. Haz clic en **Soporte** (men√∫ principal)
2. Completa el formulario con:
   - Tu nombre
   - Correo electr√≥nico
   - Tema (B√∫squeda, Licencia, T√©cnico, Otro)
   - Descripci√≥n detallada del problema
3. Adjunta capturas si es relevante

El equipo t√©cnico revisa todos los mensajes y responde por correo en m√°ximo 24 horas h√°biles.

¬øAbrimos el formulario ahora?"
Manuals and Guides,d√≥nde est√°n los manuales||manual buscador||gu√≠as de usuario||ver manuales||c√≥mo usar el sistema||tutorial||documentaci√≥n,"En la secci√≥n **Manuales** del men√∫ encontrar√°s:

üìñ **Gu√≠a del Buscador** - Ejemplos de b√∫squedas avanzadas
üìñ **Gu√≠a de Filtros** - C√≥mo usar cada filtro disponible
üìñ **FAQ** - Preguntas frecuentes resueltas
üìñ **Glosario Aduanal** - T√©rminos t√©cnicos explicados
üìñ **Gu√≠a de Licencias** - C√≥mo gestionar tu suscripci√≥n

Todos los manuales tienen ejemplos pr√°cticos. ¬øCu√°l te interesa?"
Export Data,c√≥mo exporto a excel||exportar resultados||generar excel||descargar resultados||exportar b√∫squeda,"Para **exportar a Excel**:

1. Realiza una b√∫squeda en Buscar Partidas
2. Haz clic en el bot√≥n **Descargar/Exportar** (generalmente en la esquina superior)
3. Selecciona el formato: Excel, PDF o CSV
4. Se descargar√° un archivo con los resultados filtrados

El archivo incluye:
- C√≥digo de partida
- Descripci√≥n
- Aranceles
- Requisitos
- Documentaci√≥n necesaria

¬øNecesitas exportar b√∫squedas espec√≠ficas?"
General Question,qu√© es||c√≥mo funciona||expl√≠came||cu√©ntame||dime||informaci√≥n de||detalles de||m√°s sobre,"Entiendo que quieres m√°s informaci√≥n. Puedo ayudarte con:
- **¬øQu√© es SISARM?** - Te explico el sistema
- **¬øC√≥mo busco?** - Gu√≠a de b√∫squedas
- **¬øC√≥mo filtro?** - Uso de filtros
- **¬øLicencia?** - Informaci√≥n de suscripci√≥n
- **¬øDocumentos?** - Requisitos aduanales
- **¬øSoporte?** - Contactar equipo t√©cnico

¬øCu√°l de estos temas te interesa?"
Fallback Improved,,Disculpa, no entend√≠ bien tu pregunta. Pero puedo ayudarte con: Buscar Partidas | Manuales | Mi Licencia | Contactar Soporte. ¬øCu√°l de estos prefieres?
